Time,Type,Percent,Rep
15,Naked,7,1
30,Naked,4,1
60,Naked,3,1
120,Naked,2,1
240,Naked,1,1
15,Naked,3,2
30,Naked,3,2
60,Naked,2,2
120,Naked,1,2
240,Naked,1,2
15,Naked,3,3
30,Naked,3,3
60,Naked,2,3
120,Naked,1,3
240,Naked,1,3
15,Naked,4,4
30,Naked,3,4
60,Naked,2,4
120,Naked,1,4
240,Naked,1,4
15,WT,15,1
30,WT,8,1
60,WT,6,1
120,WT,4,1
240,WT,3,1
15,WT,6,2
30,WT,5,2
60,WT,3,2
120,WT,2,2
240,WT,1,2
15,WT,10,3
30,WT,7,3
60,WT,3,3
120,WT,2,3
240,WT,1,3
15,WT,8,4
30,WT,7,4
60,WT,3,4
120,WT,2,4
240,WT,1,4
15,G17D,30,1
30,G17D,25,1
60,G17D,23,1
120,G17D,15,1
240,G17D,10,1
15,G17D,27,2
30,G17D,25,2
60,G17D,20,2
120,G17D,15,2
240,G17D,7,2
15,G17D,30,3
30,G17D,27,3
60,G17D,25,3
120,G17D,20,3
240,G17D,15,3
15,G17D,20,4
30,G17D,25,4
60,G17D,30,4
120,G17D,18,4
240,G17D,15,4
15,E19K,35,1
30,E19K,30,1
60,E19K,29,1
120,E19K,25,1
240,E19K,15,1
15,E19K,30,2
30,E19K,30,2
60,E19K,25,2
120,E19K,20,2
240,E19K,15,2
15,E19K,30,3
30,E19K,29,3
60,E19K,25,3
120,E19K,20,3
240,E19K,15,3
15,E19K,21,4
30,E19K,20,4
60,E19K,20,4
120,E19K,19,4
240,E19K,19,4
15,G52K,16,1
30,G52K,8,1
60,G52K,7,1
120,G52K,4,1
240,G52K,3,1
15,G52K,11,2
30,G52K,8,2
60,G52K,7,2
120,G52K,4,2
240,G52K,3,2
15,G52K,10,3
30,G52K,8,3
60,G52K,6,3
120,G52K,3,3
240,G52K,1,3
15,G52K,10,4
30,G52K,8,4
60,G52K,6,4
120,G52K,3,4
240,G52K,1,4
15,E19K/G52K,90,1
30,E19K/G52K,90,1
60,E19K/G52K,90,1
120,E19K/G52K,90,1
240,E19K/G52K,85,1
15,E19K/G52K,90,2
30,E19K/G52K,90,2
60,E19K/G52K,85,2
120,E19K/G52K,85,2
240,E19K/G52K,80,2
15,E19K/G52K,85,3
30,E19K/G52K,85,3
60,E19K/G52K,85,3
120,E19K/G52K,82,3
240,E19K/G52K,82,3
15,E19K/G52K,85,4
30,E19K/G52K,85,4
60,E19K/G52K,85,4
120,E19K/G52K,85,4
240,E19K/G52K,85,4
15,R20S,3,1
30,R20S,3,1
60,R20S,2,1
120,R20S,2,1
240,R20S,1,1
15,R20S,3,2
30,R20S,3,2
60,R20S,2,2
120,R20S,2,2
240,R20S,1,2
15,R20S,5,3
30,R20S,4,3
60,R20S,3,3
120,R20S,2,3
240,R20S,1,3
15,R20S,5,4
30,R20S,4,4
60,R20S,3,4
120,R20S,2,4
240,R20S,1,4
15,T55L,5,1
30,T55L,4,1
60,T55L,3,1
120,T55L,2,1
240,T55L,1,1
15,T55L,5,2
30,T55L,4,2
60,T55L,3,2
120,T55L,2,2
240,T55L,1,2
15,T55L,6,3
30,T55L,5,3
60,T55L,4,3
120,T55L,3,3
240,T55L,2,3
15,T55L,6,4
30,T55L,5,4
60,T55L,4,4
120,T55L,3,4
240,T55L,2,4
15,E3A,4,1
30,E3A,3,1
60,E3A,2,1
120,E3A,2,1
240,E3A,1,1
15,E3A,4,2
30,E3A,3,2
60,E3A,2,2
120,E3A,2,2
240,E3A,1,2
15,E3A,5,3
30,E3A,3,3
60,E3A,3,3
120,E3A,2,3
240,E3A,1,3
15,E3A,5,4
30,E3A,3,4
60,E3A,3,4
120,E3A,2,4
240,E3A,1,4
15,R11A,7,1
30,R11A,6,1
60,R11A,5,1
120,R11A,3,1
240,R11A,2,1
15,R11A,7,2
30,R11A,6,2
60,R11A,5,2
120,R11A,3,2
240,R11A,2,2
15,R11A,7,3
30,R11A,6,3
60,R11A,5,3
120,R11A,3,3
240,R11A,2,3
15,R11A,7,4
30,R11A,6,4
60,R11A,5,4
120,R11A,3,4
240,R11A,2,4
15,E34A,13,1
30,E34A,11,1
60,E34A,6,1
120,E34A,5,1
240,E34A,4,1
15,E34A,13,2
30,E34A,11,2
60,E34A,6,2
120,E34A,5,2
240,E34A,4,2
15,E34A,10,3
30,E34A,10,3
60,E34A,9,3
120,E34A,6,3
240,E34A,5,3
15,E34A,10,4
30,E34A,10,4
60,E34A,9,4
120,E34A,6,4
240,E34A,5,4