type,time,mins,percent,bp,bin
Histone-free,0,0,90.07,58-62,1
Histone-free,0,0,4.28,63-88,2
Histone-free,0,0,1.43,89-119,3
Histone-free,0,0,1.69,120-150,4
Histone-free,0,0,1.02,151-181,5
Histone-free,0,0,0.7,182-212,6
Histone-free,0,0,0.8,213-243,7
Histone-free,15,0.25,32.82,58-62,1
Histone-free,15,0.25,35.88,63-88,2
Histone-free,15,0.25,27.73,89-119,3
Histone-free,15,0.25,1.78,120-150,4
Histone-free,15,0.25,1.18,151-181,5
Histone-free,15,0.25,0.39,182-212,6
Histone-free,15,0.25,0.23,213-243,7
Histone-free,30,0.5,23.98,58-62,1
Histone-free,30,0.5,6.61,63-88,2
Histone-free,30,0.5,15.64,89-119,3
Histone-free,30,0.5,30.5,120-150,4
Histone-free,30,0.5,17.68,151-181,5
Histone-free,30,0.5,3.88,182-212,6
Histone-free,30,0.5,1.72,213-243,7
Histone-free,60,1,20.29,58-62,1
Histone-free,60,1,4.05,63-88,2
Histone-free,60,1,6.73,89-119,3
Histone-free,60,1,10.47,120-150,4
Histone-free,60,1,11.13,151-181,5
Histone-free,60,1,12.24,182-212,6
Histone-free,60,1,35.08,213-243,7
Histone-free,120,2,13.89,58-62,1
Histone-free,120,2,3.14,63-88,2
Histone-free,120,2,5.84,89-119,3
Histone-free,120,2,8.17,120-150,4
Histone-free,120,2,10.09,151-181,5
Histone-free,120,2,12,182-212,6
Histone-free,120,2,46.87,213-243,7
Histone-free,240,4,8.62,58-62,1
Histone-free,240,4,3.06,63-88,2
Histone-free,240,4,5.88,89-119,3
Histone-free,240,4,7.84,120-150,4
Histone-free,240,4,10.33,151-181,5
Histone-free,240,4,12.97,182-212,6
Histone-free,240,4,51.31,213-243,7
Histone-free,480,8,5.03,58-62,1
Histone-free,480,8,4.1,63-88,2
Histone-free,480,8,9.04,89-119,3
Histone-free,480,8,9.67,120-150,4
Histone-free,480,8,11.58,151-181,5
Histone-free,480,8,15,182-212,6
Histone-free,480,8,45.57,213-243,7
Histone-free,960,16,3.9,58-62,1
Histone-free,960,16,4.69,63-88,2
Histone-free,960,16,11.33,89-119,3
Histone-free,960,16,11.47,120-150,4
Histone-free,960,16,13.61,151-181,5
Histone-free,960,16,16.27,182-212,6
Histone-free,960,16,38.73,213-243,7
WT,0,0,90.07,58-62,1
WT,0,0,4.28,63-88,2
WT,0,0,1.43,89-119,3
WT,0,0,1.69,120-150,4
WT,0,0,1.02,151-181,5
WT,0,0,0.7,182-212,6
WT,0,0,0.8,213-243,7
WT,15,0.25,32.07,58-62,1
WT,15,0.25,43.78,63-88,2
WT,15,0.25,20.95,89-119,3
WT,15,0.25,1.56,120-150,4
WT,15,0.25,1.07,151-181,5
WT,15,0.25,0.34,182-212,6
WT,15,0.25,0.23,213-243,7
WT,30,0.5,25.73,58-62,1
WT,30,0.5,15.26,63-88,2
WT,30,0.5,21.18,89-119,3
WT,30,0.5,22.68,120-150,4
WT,30,0.5,11.37,151-181,5
WT,30,0.5,2.74,182-212,6
WT,30,0.5,1.05,213-243,7
WT,60,1,22.59,58-62,1
WT,60,1,10.03,63-88,2
WT,60,1,13.05,89-119,3
WT,60,1,11.41,120-150,4
WT,60,1,8.74,151-181,5
WT,60,1,8.09,182-212,6
WT,60,1,26.09,213-243,7
WT,120,2,18.38,58-62,1
WT,120,2,6.14,63-88,2
WT,120,2,10.75,89-119,3
WT,120,2,9.43,120-150,4
WT,120,2,8.51,151-181,5
WT,120,2,8.01,182-212,6
WT,120,2,38.78,213-243,7
WT,240,4,15.1,58-62,1
WT,240,4,5.81,63-88,2
WT,240,4,10.61,89-119,3
WT,240,4,8.93,120-150,4
WT,240,4,9.07,151-181,5
WT,240,4,9.11,182-212,6
WT,240,4,41.36,213-243,7
WT,480,8,8,58-62,1
WT,480,8,6.05,63-88,2
WT,480,8,12.72,89-119,3
WT,480,8,10.88,120-150,4
WT,480,8,10.05,151-181,5
WT,480,8,11.49,182-212,6
WT,480,8,40.81,213-243,7
WT,960,16,3.96,58-62,1
WT,960,16,6.13,63-88,2
WT,960,16,16.44,89-119,3
WT,960,16,14.06,120-150,4
WT,960,16,11.61,151-181,5
WT,960,16,12.36,182-212,6
WT,960,16,35.44,213-243,7
E19K/G52K,0,0,90.07,58-62,1
E19K/G52K,0,0,4.28,63-88,2
E19K/G52K,0,0,1.43,89-119,3
E19K/G52K,0,0,1.69,120-150,4
E19K/G52K,0,0,1.02,151-181,5
E19K/G52K,0,0,0.7,182-212,6
E19K/G52K,0,0,0.8,213-243,7
E19K/G52K,15,0.25,48.55,58-62,1
E19K/G52K,15,0.25,45.49,63-88,2
E19K/G52K,15,0.25,3.19,89-119,3
E19K/G52K,15,0.25,1.3,120-150,4
E19K/G52K,15,0.25,0.71,151-181,5
E19K/G52K,15,0.25,0.36,182-212,6
E19K/G52K,15,0.25,0.39,213-243,7
E19K/G52K,30,0.5,37.16,58-62,1
E19K/G52K,30,0.5,51.62,63-88,2
E19K/G52K,30,0.5,7.97,89-119,3
E19K/G52K,30,0.5,1.98,120-150,4
E19K/G52K,30,0.5,0.87,151-181,5
E19K/G52K,30,0.5,0.25,182-212,6
E19K/G52K,30,0.5,0.14,213-243,7
E19K/G52K,60,1,32.13,58-62,1
E19K/G52K,60,1,50.33,63-88,2
E19K/G52K,60,1,12.01,89-119,3
E19K/G52K,60,1,3.24,120-150,4
E19K/G52K,60,1,1.61,151-181,5
E19K/G52K,60,1,0.46,182-212,6
E19K/G52K,60,1,0.21,213-243,7
E19K/G52K,120,2,25.98,58-62,1
E19K/G52K,120,2,46.26,63-88,2
E19K/G52K,120,2,18.49,89-119,3
E19K/G52K,120,2,5.32,120-150,4
E19K/G52K,120,2,2.55,151-181,5
E19K/G52K,120,2,0.9,182-212,6
E19K/G52K,120,2,0.5,213-243,7
E19K/G52K,240,4,21.49,58-62,1
E19K/G52K,240,4,39.68,63-88,2
E19K/G52K,240,4,23.17,89-119,3
E19K/G52K,240,4,8.21,120-150,4
E19K/G52K,240,4,4.16,151-181,5
E19K/G52K,240,4,1.55,182-212,6
E19K/G52K,240,4,1.74,213-243,7
E19K/G52K,480,8,15.88,58-62,1
E19K/G52K,480,8,32.08,63-88,2
E19K/G52K,480,8,25.08,89-119,3
E19K/G52K,480,8,11.12,120-150,4
E19K/G52K,480,8,6.28,151-181,5
E19K/G52K,480,8,3.28,182-212,6
E19K/G52K,480,8,6.28,213-243,7
E19K/G52K,960,16,11.71,58-62,1
E19K/G52K,960,16,26.64,63-88,2
E19K/G52K,960,16,24.07,89-119,3
E19K/G52K,960,16,11.85,120-150,4
E19K/G52K,960,16,6.9,151-181,5
E19K/G52K,960,16,5.95,182-212,6
E19K/G52K,960,16,12.89,213-243,7