type,time,percent,bp,bin,rep,TFS
HTkA-free,15,30.59,58,1,1,no
HTkA-free,30,28.24,58,1,1,no
HTkA-free,60,23.23,58,1,1,no
HTkA-free,120,19.41,58,1,1,no
HTkA-free,240,12.92,58,1,1,no
WT,15,32.26,58,1,1,no
WT,30,29.49,58,1,1,no
WT,60,28.3,58,1,1,no
WT,120,27.86,58,1,1,no
WT,240,24.92,58,1,1,no
G17D,15,35.17,58,1,1,no
G17D,30,32.86,58,1,1,no
G17D,60,30.15,58,1,1,no
G17D,120,28.98,58,1,1,no
G17D,240,27.72,58,1,1,no
E19K,15,40.49,58,1,1,no
E19K,30,39.41,58,1,1,no
E19K,60,37.14,58,1,1,no
E19K,120,31.69,58,1,1,no
E19K,240,31.46,58,1,1,no
G52K,15,32.8,58,1,1,no
G52K,30,29.51,58,1,1,no
G52K,60,28.13,58,1,1,no
G52K,120,27.14,58,1,1,no
G52K,240,23.88,58,1,1,no
E19K/G52K,15,53.58,58,1,1,no
E19K/G52K,30,46.94,58,1,1,no
E19K/G52K,60,41.02,58,1,1,no
E19K/G52K,120,32.36,58,1,1,no
E19K/G52K,240,20.43,58,1,1,no
R20S,15,32.85,58,1,1,no
R20S,30,30.55,58,1,1,no
R20S,60,26.62,58,1,1,no
R20S,120,22.59,58,1,1,no
R20S,240,16.75,58,1,1,no
T55L,15,36.42,58,1,1,no
T55L,30,36.21,58,1,1,no
T55L,60,31.14,58,1,1,no
T55L,120,23.87,58,1,1,no
T55L,240,16.95,58,1,1,no
E3A,15,34.3,58,1,1,no
E3A,30,33.47,58,1,1,no
E3A,60,30.26,58,1,1,no
E3A,120,23.45,58,1,1,no
E3A,240,14.35,58,1,1,no
R11A,15,36.66,58,1,1,no
R11A,30,36.58,58,1,1,no
R11A,60,31.73,58,1,1,no
R11A,120,25.57,58,1,1,no
R11A,240,16.54,58,1,1,no
E34A,15,34.71,58,1,1,no
E34A,30,33.76,58,1,1,no
E34A,60,32.61,58,1,1,no
E34A,120,28.17,58,1,1,no
E34A,240,22.36,58,1,1,no
HTkA-free,15,24.53,58,1,2,no
HTkA-free,30,24.58,58,1,2,no
HTkA-free,60,20.5,58,1,2,no
HTkA-free,120,17.37,58,1,2,no
HTkA-free,240,15.63,58,1,2,no
WT,15,26.32,58,1,2,no
WT,30,26.07,58,1,2,no
WT,60,25.05,58,1,2,no
WT,120,22.21,58,1,2,no
WT,240,23.57,58,1,2,no
G17D,15,33.97,58,1,2,no
G17D,30,35.59,58,1,2,no
G17D,60,30.25,58,1,2,no
G17D,120,26.05,58,1,2,no
G17D,240,27.26,58,1,2,no
E19K,15,39.14,58,1,2,no
E19K,30,41.18,58,1,2,no
E19K,60,33.16,58,1,2,no
E19K,120,28.87,58,1,2,no
E19K,240,28.46,58,1,2,no
G52K,15,28.19,58,1,2,no
G52K,30,27.18,58,1,2,no
G52K,60,27.05,58,1,2,no
G52K,120,24.01,58,1,2,no
G52K,240,23.22,58,1,2,no
E19K/G52K,15,52.86,58,1,2,no
E19K/G52K,30,50.32,58,1,2,no
E19K/G52K,60,50.24,58,1,2,no
E19K/G52K,120,40.02,58,1,2,no
E19K/G52K,240,32.89,58,1,2,no
R20S,15,29.16,58,1,2,no
R20S,30,27.56,58,1,2,no
R20S,60,26.24,58,1,2,no
R20S,120,21.35,58,1,2,no
R20S,240,18.81,58,1,2,no
T55L,15,32.84,58,1,2,no
T55L,30,30.28,58,1,2,no
T55L,60,25.15,58,1,2,no
T55L,120,22.1,58,1,2,no
T55L,240,17.75,58,1,2,no
E3A,15,29.59,58,1,2,no
E3A,30,28.24,58,1,2,no
E3A,60,26.51,58,1,2,no
E3A,120,23.84,58,1,2,no
E3A,240,18.86,58,1,2,no
R11A,15,32.52,58,1,2,no
R11A,30,32.35,58,1,2,no
R11A,60,27.88,58,1,2,no
R11A,120,26.26,58,1,2,no
R11A,240,20.18,58,1,2,no
E34A,15,33.8,58,1,2,no
E34A,30,32.92,58,1,2,no
E34A,60,31.91,58,1,2,no
E34A,120,27.18,58,1,2,no
E34A,240,28.1,58,1,2,no
HTkA-free,15,27.61,58,1,3,no
HTkA-free,30,28.3,58,1,3,no
HTkA-free,60,23.82,58,1,3,no
HTkA-free,120,20.57,58,1,3,no
HTkA-free,240,13.19,58,1,3,no
WT,15,27.17,58,1,3,no
WT,30,27.17,58,1,3,no
WT,60,28.55,58,1,3,no
WT,120,26.89,58,1,3,no
WT,240,24.38,58,1,3,no
G17D,15,34.48,58,1,3,no
G17D,30,34.52,58,1,3,no
G17D,60,29.71,58,1,3,no
G17D,120,29.74,58,1,3,no
G17D,240,25.99,58,1,3,no
E19K,15,34.32,58,1,3,no
E19K,30,37.07,58,1,3,no
E19K,60,33.38,58,1,3,no
E19K,120,31.63,58,1,3,no
E19K,240,28.79,58,1,3,no
G52K,15,26.51,58,1,3,no
G52K,30,29.07,58,1,3,no
G52K,60,29.83,58,1,3,no
G52K,120,27.21,58,1,3,no
G52K,240,24.86,58,1,3,no
E19K/G52K,15,45.34,58,1,3,no
E19K/G52K,30,41.14,58,1,3,no
E19K/G52K,60,41.35,58,1,3,no
E19K/G52K,120,36.58,58,1,3,no
E19K/G52K,240,30.02,58,1,3,no
R20S,15,26.87,58,1,3,no
R20S,30,25.71,58,1,3,no
R20S,60,22.97,58,1,3,no
R20S,120,18.87,58,1,3,no
R20S,240,11.77,58,1,3,no
T55L,15,30.11,58,1,3,no
T55L,30,27.93,58,1,3,no
T55L,60,25.3,58,1,3,no
T55L,120,20.04,58,1,3,no
T55L,240,14.64,58,1,3,no
E3A,15,28.47,58,1,3,no
E3A,30,22.83,58,1,3,no
E3A,60,23.11,58,1,3,no
E3A,120,20.41,58,1,3,no
E3A,240,11.18,58,1,3,no
R11A,15,30.64,58,1,3,no
R11A,30,29.41,58,1,3,no
R11A,60,27.26,58,1,3,no
R11A,120,22.75,58,1,3,no
R11A,240,11.84,58,1,3,no
E34A,15,29.24,58,1,3,no
E34A,30,27.63,58,1,3,no
E34A,60,26.69,58,1,3,no
E34A,120,21.67,58,1,3,no
E34A,240,21.53,58,1,3,no
HTkA-free,15,22.04,58,1,4,no
HTkA-free,30,24.81,58,1,4,no
HTkA-free,60,21.87,58,1,4,no
HTkA-free,120,16.99,58,1,4,no
HTkA-free,240,10.58,58,1,4,no
WT,15,21.28,58,1,4,no
WT,30,26.1,58,1,4,no
WT,60,25.1,58,1,4,no
WT,120,24.06,58,1,4,no
WT,240,21.43,58,1,4,no
G17D,15,25.77,58,1,4,no
G17D,30,28.1,58,1,4,no
G17D,60,29.23,58,1,4,no
G17D,120,24.98,58,1,4,no
G17D,240,24.01,58,1,4,no
E19K,15,28.95,58,1,4,no
E19K,30,34.16,58,1,4,no
E19K,60,37.11,58,1,4,no
E19K,120,29.25,58,1,4,no
E19K,240,26.91,58,1,4,no
G52K,15,24.92,58,1,4,no
G52K,30,27.3,58,1,4,no
G52K,60,27.2,58,1,4,no
G52K,120,26.09,58,1,4,no
G52K,240,28.2,58,1,4,no
E19K/G52K,15,42.51,58,1,4,no
E19K/G52K,30,54.47,58,1,4,no
E19K/G52K,60,53.52,58,1,4,no
E19K/G52K,120,36.74,58,1,4,no
E19K/G52K,240,30.13,58,1,4,no
R20S,15,21.39,58,1,4,no
R20S,30,21.02,58,1,4,no
R20S,60,26.22,58,1,4,no
R20S,120,19.17,58,1,4,no
R20S,240,12.78,58,1,4,no
T55L,15,24.55,58,1,4,no
T55L,30,25,58,1,4,no
T55L,60,23.38,58,1,4,no
T55L,120,20.99,58,1,4,no
T55L,240,13.85,58,1,4,no
E3A,15,21.85,58,1,4,no
E3A,30,22.1,58,1,4,no
E3A,60,22.2,58,1,4,no
E3A,120,19.22,58,1,4,no
E3A,240,10.62,58,1,4,no
R11A,15,24.93,58,1,4,no
R11A,30,25.29,58,1,4,no
R11A,60,23.86,58,1,4,no
R11A,120,21.88,58,1,4,no
R11A,240,14.11,58,1,4,no
E34A,15,24.22,58,1,4,no
E34A,30,25.16,58,1,4,no
E34A,60,25.13,58,1,4,no
E34A,120,24.27,58,1,4,no
E34A,240,25.17,58,1,4,no
HTkA-free,15,18.73,58,1,1,yes
HTkA-free,30,13.55,58,1,1,yes
HTkA-free,60,13.72,58,1,1,yes
HTkA-free,120,9.84,58,1,1,yes
HTkA-free,240,6.36,58,1,1,yes
WT,15,19.74,58,1,1,yes
WT,30,18.82,58,1,1,yes
WT,60,17.52,58,1,1,yes
WT,120,17.03,58,1,1,yes
WT,240,15.19,58,1,1,yes
G17D,15,23.41,58,1,1,yes
G17D,30,20.57,58,1,1,yes
G17D,60,19.35,58,1,1,yes
G17D,120,17.29,58,1,1,yes
G17D,240,16.51,58,1,1,yes
E19K,15,28.04,58,1,1,yes
E19K,30,20.43,58,1,1,yes
E19K,60,20.05,58,1,1,yes
E19K,120,16.44,58,1,1,yes
E19K,240,15.21,58,1,1,yes
G52K,15,20.68,58,1,1,yes
G52K,30,18.56,58,1,1,yes
G52K,60,17.35,58,1,1,yes
G52K,120,15.86,58,1,1,yes
G52K,240,15.3,58,1,1,yes
E19K/G52K,15,30.84,58,1,1,yes
E19K/G52K,30,26.32,58,1,1,yes
E19K/G52K,60,21.91,58,1,1,yes
E19K/G52K,120,16.96,58,1,1,yes
E19K/G52K,240,7.33,58,1,1,yes
R20S,15,19.01,58,1,1,yes
R20S,30,14.55,58,1,1,yes
R20S,60,11.97,58,1,1,yes
R20S,120,9.99,58,1,1,yes
R20S,240,4.8,58,1,1,yes
T55L,15,22.31,58,1,1,yes
T55L,30,19.06,58,1,1,yes
T55L,60,14.22,58,1,1,yes
T55L,120,9.99,58,1,1,yes
T55L,240,6.03,58,1,1,yes
E3A,15,22.09,58,1,1,yes
E3A,30,22.98,58,1,1,yes
E3A,60,18.45,58,1,1,yes
E3A,120,13.44,58,1,1,yes
E3A,240,6.76,58,1,1,yes
R11A,15,24.59,58,1,1,yes
R11A,30,21.57,58,1,1,yes
R11A,60,16.97,58,1,1,yes
R11A,120,12.98,58,1,1,yes
R11A,240,6.95,58,1,1,yes
E34A,15,28.36,58,1,1,yes
E34A,30,20.88,58,1,1,yes
E34A,60,19.11,58,1,1,yes
E34A,120,16.03,58,1,1,yes
E34A,240,11.95,58,1,1,yes
HTkA-free,15,22.87,58,1,2,yes
HTkA-free,30,16.29,58,1,2,yes
HTkA-free,60,20.76,58,1,2,yes
HTkA-free,120,10.83,58,1,2,yes
HTkA-free,240,6.59,58,1,2,yes
WT,15,28.85,58,1,2,yes
WT,30,27.95,58,1,2,yes
WT,60,25.24,58,1,2,yes
WT,120,23.33,58,1,2,yes
WT,240,17.08,58,1,2,yes
G17D,15,44.05,58,1,2,yes
G17D,30,41.93,58,1,2,yes
G17D,60,40.38,58,1,2,yes
G17D,120,38.34,58,1,2,yes
G17D,240,26.88,58,1,2,yes
E19K,15,23.22,58,1,2,yes
E19K,30,39.82,58,1,2,yes
E19K,60,37.75,58,1,2,yes
E19K,120,42.46,58,1,2,yes
E19K,240,32.99,58,1,2,yes
G52K,15,41.16,58,1,2,yes
G52K,30,40.91,58,1,2,yes
G52K,60,24.45,58,1,2,yes
G52K,120,22.21,58,1,2,yes
G52K,240,17.98,58,1,2,yes
E19K/G52K,15,23.86,58,1,2,yes
E19K/G52K,30,42.08,58,1,2,yes
E19K/G52K,60,22.54,58,1,2,yes
E19K/G52K,120,35.95,58,1,2,yes
E19K/G52K,240,36.13,58,1,2,yes
R20S,15,19.69,58,1,2,yes
R20S,30,17.82,58,1,2,yes
R20S,60,14.28,58,1,2,yes
R20S,120,10.52,58,1,2,yes
R20S,240,4.96,58,1,2,yes
T55L,15,23.72,58,1,2,yes
T55L,30,18.56,58,1,2,yes
T55L,60,14.82,58,1,2,yes
T55L,120,10.24,58,1,2,yes
T55L,240,5.94,58,1,2,yes
E3A,15,22.69,58,1,2,yes
E3A,30,17.57,58,1,2,yes
E3A,60,20.61,58,1,2,yes
E3A,120,13.67,58,1,2,yes
E3A,240,6.15,58,1,2,yes
R11A,15,24.2,58,1,2,yes
R11A,30,20.21,58,1,2,yes
R11A,60,16.7,58,1,2,yes
R11A,120,13.64,58,1,2,yes
R11A,240,5.2,58,1,2,yes
E34A,15,26.87,58,1,2,yes
E34A,30,20,58,1,2,yes
E34A,60,18.9,58,1,2,yes
E34A,120,16.17,58,1,2,yes
E34A,240,12.36,58,1,2,yes
HTkA-free,15,18.46,58,1,3,yes
HTkA-free,30,14.86,58,1,3,yes
HTkA-free,60,12.87,58,1,3,yes
HTkA-free,120,9.13,58,1,3,yes
HTkA-free,240,4.55,58,1,3,yes
WT,15,21.11,58,1,3,yes
WT,30,18.29,58,1,3,yes
WT,60,14.77,58,1,3,yes
WT,120,15,58,1,3,yes
WT,240,12.38,58,1,3,yes
G17D,15,37.51,58,1,3,yes
G17D,30,22.52,58,1,3,yes
G17D,60,19.17,58,1,3,yes
G17D,120,16.57,58,1,3,yes
G17D,240,13.78,58,1,3,yes
E19K,15,46.33,58,1,3,yes
E19K,30,27.93,58,1,3,yes
E19K,60,23,58,1,3,yes
E19K,120,18.23,58,1,3,yes
E19K,240,16.71,58,1,3,yes
G52K,15,26.21,58,1,3,yes
G52K,30,16.8,58,1,3,yes
G52K,60,15.57,58,1,3,yes
G52K,120,13.12,58,1,3,yes
G52K,240,13.15,58,1,3,yes
E19K/G52K,15,60.97,58,1,3,yes
E19K/G52K,30,40.51,58,1,3,yes
E19K/G52K,60,27.45,58,1,3,yes
E19K/G52K,120,22.2,58,1,3,yes
E19K/G52K,240,21.22,58,1,3,yes
R20S,15,15.98,58,1,3,yes
R20S,30,12.04,58,1,3,yes
R20S,60,10.64,58,1,3,yes
R20S,120,8.38,58,1,3,yes
R20S,240,4.13,58,1,3,yes
T55L,15,19.89,58,1,3,yes
T55L,30,13.81,58,1,3,yes
T55L,60,13.08,58,1,3,yes
T55L,120,9.14,58,1,3,yes
T55L,240,4.38,58,1,3,yes
E3A,15,17.56,58,1,3,yes
E3A,30,13.76,58,1,3,yes
E3A,60,16.53,58,1,3,yes
E3A,120,11.2,58,1,3,yes
E3A,240,4.45,58,1,3,yes
R11A,15,20.44,58,1,3,yes
R11A,30,14.12,58,1,3,yes
R11A,60,13.71,58,1,3,yes
R11A,120,10.43,58,1,3,yes
R11A,240,4.68,58,1,3,yes
E34A,15,28.83,58,1,3,yes
E34A,30,18.75,58,1,3,yes
E34A,60,16.99,58,1,3,yes
E34A,120,13.62,58,1,3,yes
E34A,240,12.08,58,1,3,yes