type,time,percent,bp,bin,rep
HTkA-free,0,84.57,58,1,1
HTkA-free,0,2.78,59-88,2,1
HTkA-free,0,3.64,89-118,3,1
HTkA-free,0,1.42,119-148,4,1
HTkA-free,0,2.71,149-178,5,1
HTkA-free,0,3.09,179-208,6,1
HTkA-free,0,1.79,209-231,7,1
HTkA-free,15,18.73,58,1,1
HTkA-free,15,12.61,59-88,2,1
HTkA-free,15,28.02,89-118,3,1
HTkA-free,15,24.26,119-148,4,1
HTkA-free,15,13.1,149-178,5,1
HTkA-free,15,2.22,179-208,6,1
HTkA-free,15,1.07,209-231,7,1
HTkA-free,30,13.55,58,1,1
HTkA-free,30,6.05,59-88,2,1
HTkA-free,30,7.2,89-118,3,1
HTkA-free,30,8.62,119-148,4,1
HTkA-free,30,10.61,149-178,5,1
HTkA-free,30,10.74,179-208,6,1
HTkA-free,30,43.23,209-231,7,1
HTkA-free,60,13.72,58,1,1
HTkA-free,60,5.43,59-88,2,1
HTkA-free,60,6.43,89-118,3,1
HTkA-free,60,8.32,119-148,4,1
HTkA-free,60,10.3,149-178,5,1
HTkA-free,60,11.2,179-208,6,1
HTkA-free,60,44.6,209-231,7,1
HTkA-free,120,9.84,58,1,1
HTkA-free,120,5.46,59-88,2,1
HTkA-free,120,6.3,89-118,3,1
HTkA-free,120,6.49,119-148,4,1
HTkA-free,120,8.8,149-178,5,1
HTkA-free,120,9.77,179-208,6,1
HTkA-free,120,53.33,209-231,7,1
HTkA-free,240,6.36,58,1,1
HTkA-free,240,7.44,59-88,2,1
HTkA-free,240,8.33,89-118,3,1
HTkA-free,240,8.22,119-148,4,1
HTkA-free,240,11.2,149-178,5,1
HTkA-free,240,12.55,179-208,6,1
HTkA-free,240,45.89,209-231,7,1
WT,0,84.57,58,1,1
WT,0,2.78,59-88,2,1
WT,0,3.64,89-118,3,1
WT,0,1.42,119-148,4,1
WT,0,2.71,149-178,5,1
WT,0,3.09,179-208,6,1
WT,0,1.79,209-231,7,1
WT,15,19.74,58,1,1
WT,15,25.77,59-88,2,1
WT,15,37.78,89-118,3,1
WT,15,11.03,119-148,4,1
WT,15,3.45,149-178,5,1
WT,15,0.91,179-208,6,1
WT,15,1.32,209-231,7,1
WT,30,18.82,58,1,1
WT,30,7.44,59-88,2,1
WT,30,11.77,89-118,3,1
WT,30,11.15,119-148,4,1
WT,30,12.5,149-178,5,1
WT,30,9.92,179-208,6,1
WT,30,28.4,209-231,7,1
WT,60,17.52,58,1,1
WT,60,5.97,59-88,2,1
WT,60,9.04,89-118,3,1
WT,60,8.76,119-148,4,1
WT,60,11.04,149-178,5,1
WT,60,8.91,179-208,6,1
WT,60,38.75,209-231,7,1
WT,120,17.03,58,1,1
WT,120,6.02,59-88,2,1
WT,120,7.72,89-118,3,1
WT,120,6.45,119-148,4,1
WT,120,9.67,149-178,5,1
WT,120,8.45,179-208,6,1
WT,120,44.65,209-231,7,1
WT,240,15.19,58,1,1
WT,240,6.5,59-88,2,1
WT,240,6.98,89-118,3,1
WT,240,5.5,119-148,4,1
WT,240,8.02,149-178,5,1
WT,240,8.83,179-208,6,1
WT,240,48.98,209-231,7,1
G17D,0,84.57,58,1,1
G17D,0,2.78,59-88,2,1
G17D,0,3.64,89-118,3,1
G17D,0,1.42,119-148,4,1
G17D,0,2.71,149-178,5,1
G17D,0,3.09,179-208,6,1
G17D,0,1.79,209-231,7,1
G17D,15,23.41,58,1,1
G17D,15,52.52,59-88,2,1
G17D,15,16.54,89-118,3,1
G17D,15,3.57,119-148,4,1
G17D,15,2.1,149-178,5,1
G17D,15,0.81,179-208,6,1
G17D,15,1.05,209-231,7,1
G17D,30,20.57,58,1,1
G17D,30,25.81,59-88,2,1
G17D,30,24.46,89-118,3,1
G17D,30,11.47,119-148,4,1
G17D,30,7.65,149-178,5,1
G17D,30,4.03,179-208,6,1
G17D,30,6,209-231,7,1
G17D,60,19.35,58,1,1
G17D,60,26.91,59-88,2,1
G17D,60,23.68,89-118,3,1
G17D,60,11.78,119-148,4,1
G17D,60,7.02,149-178,5,1
G17D,60,3.82,179-208,6,1
G17D,60,7.45,209-231,7,1
G17D,120,17.29,58,1,1
G17D,120,18.8,59-88,2,1
G17D,120,22.45,89-118,3,1
G17D,120,11.6,119-148,4,1
G17D,120,9.07,149-178,5,1
G17D,120,5.02,179-208,6,1
G17D,120,15.76,209-231,7,1
G17D,240,16.51,58,1,1
G17D,240,16.86,59-88,2,1
G17D,240,19.61,89-118,3,1
G17D,240,8.78,119-148,4,1
G17D,240,8.77,149-178,5,1
G17D,240,6.12,179-208,6,1
G17D,240,23.35,209-231,7,1
E19K,0,84.57,58,1,1
E19K,0,2.78,59-88,2,1
E19K,0,3.64,89-118,3,1
E19K,0,1.42,119-148,4,1
E19K,0,2.71,149-178,5,1
E19K,0,3.09,179-208,6,1
E19K,0,1.79,209-231,7,1
E19K,15,28.04,58,1,1
E19K,15,55.42,59-88,2,1
E19K,15,8.73,89-118,3,1
E19K,15,3.59,119-148,4,1
E19K,15,2.14,149-178,5,1
E19K,15,0.72,179-208,6,1
E19K,15,1.37,209-231,7,1
E19K,30,20.43,58,1,1
E19K,30,40.19,59-88,2,1
E19K,30,21.21,89-118,3,1
E19K,30,8.09,119-148,4,1
E19K,30,4.9,149-178,5,1
E19K,30,2.36,179-208,6,1
E19K,30,2.81,209-231,7,1
E19K,60,20.05,58,1,1
E19K,60,40.51,59-88,2,1
E19K,60,20.9,89-118,3,1
E19K,60,8.06,119-148,4,1
E19K,60,4.58,149-178,5,1
E19K,60,2.65,179-208,6,1
E19K,60,3.25,209-231,7,1
E19K,120,16.44,58,1,1
E19K,120,30.52,59-88,2,1
E19K,120,22.91,89-118,3,1
E19K,120,11.59,119-148,4,1
E19K,120,7.56,149-178,5,1
E19K,120,4.12,179-208,6,1
E19K,120,6.87,209-231,7,1
E19K,240,15.21,58,1,1
E19K,240,24.91,59-88,2,1
E19K,240,22.59,89-118,3,1
E19K,240,11.14,119-148,4,1
E19K,240,8.62,149-178,5,1
E19K,240,5.07,179-208,6,1
E19K,240,12.45,209-231,7,1
G52K,0,84.57,58,1,1
G52K,0,2.78,59-88,2,1
G52K,0,3.64,89-118,3,1
G52K,0,1.42,119-148,4,1
G52K,0,2.71,149-178,5,1
G52K,0,3.09,179-208,6,1
G52K,0,1.79,209-231,7,1
G52K,15,20.68,58,1,1
G52K,15,37.03,59-88,2,1
G52K,15,28.82,89-118,3,1
G52K,15,7.97,119-148,4,1
G52K,15,3.1,149-178,5,1
G52K,15,1.16,179-208,6,1
G52K,15,1.25,209-231,7,1
G52K,30,18.56,58,1,1
G52K,30,9.53,59-88,2,1
G52K,30,16.09,89-118,3,1
G52K,30,16.26,119-148,4,1
G52K,30,13.3,149-178,5,1
G52K,30,8.22,179-208,6,1
G52K,30,18.03,209-231,7,1
G52K,60,17.35,58,1,1
G52K,60,8.59,59-88,2,1
G52K,60,14.65,89-118,3,1
G52K,60,14.46,119-148,4,1
G52K,60,13.31,149-178,5,1
G52K,60,8.26,179-208,6,1
G52K,60,23.38,209-231,7,1
G52K,120,15.86,58,1,1
G52K,120,8.38,59-88,2,1
G52K,120,12.05,89-118,3,1
G52K,120,11.74,119-148,4,1
G52K,120,12.55,149-178,5,1
G52K,120,8.41,179-208,6,1
G52K,120,31.02,209-231,7,1
G52K,240,15.3,58,1,1
G52K,240,10.77,59-88,2,1
G52K,240,12.22,89-118,3,1
G52K,240,11.2,119-148,4,1
G52K,240,12.2,149-178,5,1
G52K,240,9.33,179-208,6,1
G52K,240,28.98,209-231,7,1
E19K/G52K,0,84.57,58,1,1
E19K/G52K,0,2.78,59-88,2,1
E19K/G52K,0,3.64,89-118,3,1
E19K/G52K,0,1.42,119-148,4,1
E19K/G52K,0,2.71,149-178,5,1
E19K/G52K,0,3.09,179-208,6,1
E19K/G52K,0,1.79,209-231,7,1
E19K/G52K,15,30.84,58,1,1
E19K/G52K,15,48.48,59-88,2,1
E19K/G52K,15,8.18,89-118,3,1
E19K/G52K,15,5.08,119-148,4,1
E19K/G52K,15,3.92,149-178,5,1
E19K/G52K,15,1.62,179-208,6,1
E19K/G52K,15,1.88,209-231,7,1
E19K/G52K,30,26.32,58,1,1
E19K/G52K,30,53.27,59-88,2,1
E19K/G52K,30,9.55,89-118,3,1
E19K/G52K,30,4.64,119-148,4,1
E19K/G52K,30,3.19,149-178,5,1
E19K/G52K,30,1.5,179-208,6,1
E19K/G52K,30,1.53,209-231,7,1
E19K/G52K,60,21.91,58,1,1
E19K/G52K,60,55.04,59-88,2,1
E19K/G52K,60,11.72,89-118,3,1
E19K/G52K,60,4.48,119-148,4,1
E19K/G52K,60,3.34,149-178,5,1
E19K/G52K,60,1.67,179-208,6,1
E19K/G52K,60,1.84,209-231,7,1
E19K/G52K,120,16.96,58,1,1
E19K/G52K,120,56.51,59-88,2,1
E19K/G52K,120,15.1,89-118,3,1
E19K/G52K,120,4.98,119-148,4,1
E19K/G52K,120,2.93,149-178,5,1
E19K/G52K,120,1.54,179-208,6,1
E19K/G52K,120,1.98,209-231,7,1
E19K/G52K,240,7.33,58,1,1
E19K/G52K,240,58.94,59-88,2,1
E19K/G52K,240,19.22,89-118,3,1
E19K/G52K,240,4.23,119-148,4,1
E19K/G52K,240,3.12,149-178,5,1
E19K/G52K,240,2.37,179-208,6,1
E19K/G52K,240,4.78,209-231,7,1
R20S,0,84.57,58,1,1
R20S,0,2.78,59-88,2,1
R20S,0,3.64,89-118,3,1
R20S,0,1.42,119-148,4,1
R20S,0,2.71,149-178,5,1
R20S,0,3.09,179-208,6,1
R20S,0,1.79,209-231,7,1
R20S,15,19.01,58,1,1
R20S,15,11.32,59-88,2,1
R20S,15,33.79,89-118,3,1
R20S,15,26.16,119-148,4,1
R20S,15,6.34,149-178,5,1
R20S,15,1.83,179-208,6,1
R20S,15,1.55,209-231,7,1
R20S,30,14.55,58,1,1
R20S,30,5.01,59-88,2,1
R20S,30,9.17,89-118,3,1
R20S,30,11.21,119-148,4,1
R20S,30,13.99,149-178,5,1
R20S,30,17.17,179-208,6,1
R20S,30,28.91,209-231,7,1
R20S,60,11.97,58,1,1
R20S,60,3.34,59-88,2,1
R20S,60,5.63,89-118,3,1
R20S,60,6.17,119-148,4,1
R20S,60,7.53,149-178,5,1
R20S,60,10.86,179-208,6,1
R20S,60,54.49,209-231,7,1
R20S,120,9.99,58,1,1
R20S,120,3.52,59-88,2,1
R20S,120,6.04,89-118,3,1
R20S,120,5.65,119-148,4,1
R20S,120,7,149-178,5,1
R20S,120,11.33,179-208,6,1
R20S,120,56.49,209-231,7,1
R20S,240,4.8,58,1,1
R20S,240,4.8,59-88,2,1
R20S,240,8.02,89-118,3,1
R20S,240,6.8,119-148,4,1
R20S,240,8.53,149-178,5,1
R20S,240,12.61,179-208,6,1
R20S,240,54.44,209-231,7,1
T55L,0,84.57,58,1,1
T55L,0,2.78,59-88,2,1
T55L,0,3.64,89-118,3,1
T55L,0,1.42,119-148,4,1
T55L,0,2.71,149-178,5,1
T55L,0,3.09,179-208,6,1
T55L,0,1.79,209-231,7,1
T55L,15,22.31,58,1,1
T55L,15,27.04,59-88,2,1
T55L,15,41.21,89-118,3,1
T55L,15,6.5,119-148,4,1
T55L,15,1.25,149-178,5,1
T55L,15,0.75,179-208,6,1
T55L,15,0.94,209-231,7,1
T55L,30,19.06,58,1,1
T55L,30,5.12,59-88,2,1
T55L,30,9.26,89-118,3,1
T55L,30,14.08,119-148,4,1
T55L,30,16.64,149-178,5,1
T55L,30,16.88,179-208,6,1
T55L,30,18.96,209-231,7,1
T55L,60,14.22,58,1,1
T55L,60,4.55,59-88,2,1
T55L,60,6.62,89-118,3,1
T55L,60,7.64,119-148,4,1
T55L,60,8.51,149-178,5,1
T55L,60,11.85,179-208,6,1
T55L,60,46.62,209-231,7,1
T55L,120,9.99,58,1,1
T55L,120,4.69,59-88,2,1
T55L,120,6,89-118,3,1
T55L,120,6.26,119-148,4,1
T55L,120,8.15,149-178,5,1
T55L,120,11.07,179-208,6,1
T55L,120,53.83,209-231,7,1
T55L,240,6.03,58,1,1
T55L,240,5.45,59-88,2,1
T55L,240,8.06,89-118,3,1
T55L,240,7.24,119-148,4,1
T55L,240,9.29,149-178,5,1
T55L,240,13.74,179-208,6,1
T55L,240,50.2,209-231,7,1
E3A,0,84.57,58,1,1
E3A,0,2.78,59-88,2,1
E3A,0,3.64,89-118,3,1
E3A,0,1.42,119-148,4,1
E3A,0,2.71,149-178,5,1
E3A,0,3.09,179-208,6,1
E3A,0,1.79,209-231,7,1
E3A,15,22.09,58,1,1
E3A,15,34.16,59-88,2,1
E3A,15,36.68,89-118,3,1
E3A,15,5,119-148,4,1
E3A,15,0.89,149-178,5,1
E3A,15,0.57,179-208,6,1
E3A,15,0.62,209-231,7,1
E3A,30,22.98,58,1,1
E3A,30,5.46,59-88,2,1
E3A,30,9.99,89-118,3,1
E3A,30,17.2,119-148,4,1
E3A,30,16.77,149-178,5,1
E3A,30,15.16,179-208,6,1
E3A,30,12.44,209-231,7,1
E3A,60,18.45,58,1,1
E3A,60,3.01,59-88,2,1
E3A,60,5.88,89-118,3,1
E3A,60,8.41,119-148,4,1
E3A,60,7.82,149-178,5,1
E3A,60,10.78,179-208,6,1
E3A,60,45.65,209-231,7,1
E3A,120,13.44,58,1,1
E3A,120,4.17,59-88,2,1
E3A,120,6.22,89-118,3,1
E3A,120,6.91,119-148,4,1
E3A,120,7.81,149-178,5,1
E3A,120,10.79,179-208,6,1
E3A,120,50.66,209-231,7,1
E3A,240,6.76,58,1,1
E3A,240,6.41,59-88,2,1
E3A,240,9.68,89-118,3,1
E3A,240,8.45,119-148,4,1
E3A,240,8.87,149-178,5,1
E3A,240,13.35,179-208,6,1
E3A,240,46.47,209-231,7,1
R11A,0,84.57,58,1,1
R11A,0,2.78,59-88,2,1
R11A,0,3.64,89-118,3,1
R11A,0,1.42,119-148,4,1
R11A,0,2.71,149-178,5,1
R11A,0,3.09,179-208,6,1
R11A,0,1.79,209-231,7,1
R11A,15,24.59,58,1,1
R11A,15,36.3,59-88,2,1
R11A,15,28.94,89-118,3,1
R11A,15,4.68,119-148,4,1
R11A,15,1.85,149-178,5,1
R11A,15,1.55,179-208,6,1
R11A,15,2.09,209-231,7,1
R11A,30,21.57,58,1,1
R11A,30,9.83,59-88,2,1
R11A,30,13.87,89-118,3,1
R11A,30,21.26,119-148,4,1
R11A,30,17.14,149-178,5,1
R11A,30,10.32,179-208,6,1
R11A,30,6,209-231,7,1
R11A,60,16.97,58,1,1
R11A,60,4.1,59-88,2,1
R11A,60,5.87,89-118,3,1
R11A,60,8.91,119-148,4,1
R11A,60,8.15,149-178,5,1
R11A,60,10.21,179-208,6,1
R11A,60,45.79,209-231,7,1
R11A,120,12.98,58,1,1
R11A,120,4.64,59-88,2,1
R11A,120,5.8,89-118,3,1
R11A,120,7.08,119-148,4,1
R11A,120,7.51,149-178,5,1
R11A,120,10.14,179-208,6,1
R11A,120,51.85,209-231,7,1
R11A,240,6.95,58,1,1
R11A,240,6.4,59-88,2,1
R11A,240,8.84,89-118,3,1
R11A,240,7.84,119-148,4,1
R11A,240,7.94,149-178,5,1
R11A,240,12.94,179-208,6,1
R11A,240,49.09,209-231,7,1
E34A,0,84.57,58,1,1
E34A,0,2.78,59-88,2,1
E34A,0,3.64,89-118,3,1
E34A,0,1.42,119-148,4,1
E34A,0,2.71,149-178,5,1
E34A,0,3.09,179-208,6,1
E34A,0,1.79,209-231,7,1
E34A,15,28.36,58,1,1
E34A,15,49.38,59-88,2,1
E34A,15,15.27,89-118,3,1
E34A,15,3.14,119-148,4,1
E34A,15,1.64,149-178,5,1
E34A,15,1.05,179-208,6,1
E34A,15,1.16,209-231,7,1
E34A,30,20.88,58,1,1
E34A,30,18.38,59-88,2,1
E34A,30,24.08,89-118,3,1
E34A,30,20.74,119-148,4,1
E34A,30,9.66,149-178,5,1
E34A,30,4.13,179-208,6,1
E34A,30,2.12,209-231,7,1
E34A,60,19.11,58,1,1
E34A,60,11.37,59-88,2,1
E34A,60,17.64,89-118,3,1
E34A,60,16.31,119-148,4,1
E34A,60,10.96,149-178,5,1
E34A,60,8.45,179-208,6,1
E34A,60,16.16,209-231,7,1
E34A,120,16.03,58,1,1
E34A,120,8.47,59-88,2,1
E34A,120,12.66,89-118,3,1
E34A,120,15.15,119-148,4,1
E34A,120,11.26,149-178,5,1
E34A,120,9.06,179-208,6,1
E34A,120,27.37,209-231,7,1
E34A,240,11.95,58,1,1
E34A,240,8.26,59-88,2,1
E34A,240,11.35,89-118,3,1
E34A,240,11.76,119-148,4,1
E34A,240,11.25,149-178,5,1
E34A,240,12.72,179-208,6,1
E34A,240,32.71,209-231,7,1
HTkA-free,0,92.74,58,1,2
HTkA-free,0,1.33,59-88,2,2
HTkA-free,0,3.12,89-118,3,2
HTkA-free,0,0.39,119-148,4,2
HTkA-free,0,0.91,149-178,5,2
HTkA-free,0,0.78,179-208,6,2
HTkA-free,0,0.72,209-231,7,2
HTkA-free,15,22.87,58,1,2
HTkA-free,15,19.26,59-88,2,2
HTkA-free,15,51.73,89-118,3,2
HTkA-free,15,5.07,119-148,4,2
HTkA-free,15,0.55,149-178,5,2
HTkA-free,15,0.23,179-208,6,2
HTkA-free,15,0.28,209-231,7,2
HTkA-free,30,16.29,58,1,2
HTkA-free,30,2.24,59-88,2,2
HTkA-free,30,9.04,89-118,3,2
HTkA-free,30,16.92,119-148,4,2
HTkA-free,30,29.21,149-178,5,2
HTkA-free,30,20.97,179-208,6,2
HTkA-free,30,5.33,209-231,7,2
HTkA-free,60,20.76,58,1,2
HTkA-free,60,1.13,59-88,2,2
HTkA-free,60,0.85,89-118,3,2
HTkA-free,60,6.2,119-148,4,2
HTkA-free,60,6.59,149-178,5,2
HTkA-free,60,9.36,179-208,6,2
HTkA-free,60,55.12,209-231,7,2
HTkA-free,120,10.83,58,1,2
HTkA-free,120,0.71,59-88,2,2
HTkA-free,120,0.69,89-118,3,2
HTkA-free,120,3.58,119-148,4,2
HTkA-free,120,3.66,149-178,5,2
HTkA-free,120,5.71,179-208,6,2
HTkA-free,120,74.82,209-231,7,2
HTkA-free,240,6.59,58,1,2
HTkA-free,240,1.68,59-88,2,2
HTkA-free,240,4.21,89-118,3,2
HTkA-free,240,6.43,119-148,4,2
HTkA-free,240,3.12,149-178,5,2
HTkA-free,240,8.64,179-208,6,2
HTkA-free,240,69.34,209-231,7,2
WT,0,92.74,58,1,2
WT,0,1.33,59-88,2,2
WT,0,3.12,89-118,3,2
WT,0,0.39,119-148,4,2
WT,0,0.91,149-178,5,2
WT,0,0.78,179-208,6,2
WT,0,0.72,209-231,7,2
WT,15,28.85,58,1,2
WT,15,41.45,59-88,2,2
WT,15,22.36,89-118,3,2
WT,15,1.74,119-148,4,2
WT,15,0.25,149-178,5,2
WT,15,0.46,179-208,6,2
WT,15,4.9,209-231,7,2
WT,30,27.95,58,1,2
WT,30,8.86,59-88,2,2
WT,30,9.54,89-118,3,2
WT,30,29.91,119-148,4,2
WT,30,21.23,149-178,5,2
WT,30,2.01,179-208,6,2
WT,30,0.5,209-231,7,2
WT,60,25.24,58,1,2
WT,60,2.01,59-88,2,2
WT,60,1.41,89-118,3,2
WT,60,8.41,119-148,4,2
WT,60,6.64,149-178,5,2
WT,60,12.03,179-208,6,2
WT,60,44.26,209-231,7,2
WT,120,23.33,58,1,2
WT,120,1.18,59-88,2,2
WT,120,0.91,89-118,3,2
WT,120,0.71,119-148,4,2
WT,120,1.06,149-178,5,2
WT,120,7.91,179-208,6,2
WT,120,64.9,209-231,7,2
WT,240,17.08,58,1,2
WT,240,1.82,59-88,2,2
WT,240,2.4,89-118,3,2
WT,240,0.97,119-148,4,2
WT,240,1.12,149-178,5,2
WT,240,5.04,179-208,6,2
WT,240,71.57,209-231,7,2
G17D,0,92.74,58,1,2
G17D,0,1.33,59-88,2,2
G17D,0,3.12,89-118,3,2
G17D,0,0.39,119-148,4,2
G17D,0,0.91,149-178,5,2
G17D,0,0.78,179-208,6,2
G17D,0,0.72,209-231,7,2
G17D,15,44.05,58,1,2
G17D,15,37.94,59-88,2,2
G17D,15,16.52,89-118,3,2
G17D,15,1.06,119-148,4,2
G17D,15,0.16,149-178,5,2
G17D,15,0.02,179-208,6,2
G17D,15,0.25,209-231,7,2
G17D,30,41.93,58,1,2
G17D,30,30.41,59-88,2,2
G17D,30,20.56,89-118,3,2
G17D,30,5.3,119-148,4,2
G17D,30,1.45,149-178,5,2
G17D,30,0.29,179-208,6,2
G17D,30,0.05,209-231,7,2
G17D,60,40.38,58,1,2
G17D,60,19.32,59-88,2,2
G17D,60,20.28,89-118,3,2
G17D,60,10.18,119-148,4,2
G17D,60,1.96,149-178,5,2
G17D,60,3.75,179-208,6,2
G17D,60,4.14,209-231,7,2
G17D,120,38.34,58,1,2
G17D,120,11.97,59-88,2,2
G17D,120,15.72,89-118,3,2
G17D,120,9.74,119-148,4,2
G17D,120,2.2,149-178,5,2
G17D,120,9.42,179-208,6,2
G17D,120,12.61,209-231,7,2
G17D,240,26.88,58,1,2
G17D,240,9.18,59-88,2,2
G17D,240,17.26,89-118,3,2
G17D,240,7.79,119-148,4,2
G17D,240,2.38,149-178,5,2
G17D,240,11.75,179-208,6,2
G17D,240,24.76,209-231,7,2
E19K,0,92.74,58,1,2
E19K,0,1.33,59-88,2,2
E19K,0,3.12,89-118,3,2
E19K,0,0.39,119-148,4,2
E19K,0,0.91,149-178,5,2
E19K,0,0.78,179-208,6,2
E19K,0,0.72,209-231,7,2
E19K,15,23.22,58,1,2
E19K,15,67.16,59-88,2,2
E19K,15,8.19,89-118,3,2
E19K,15,0.99,119-148,4,2
E19K,15,0.07,149-178,5,2
E19K,15,0.25,179-208,6,2
E19K,15,0.12,209-231,7,2
E19K,30,39.82,58,1,2
E19K,30,40.01,59-88,2,2
E19K,30,14.66,89-118,3,2
E19K,30,4.2,119-148,4,2
E19K,30,0.68,149-178,5,2
E19K,30,0.38,179-208,6,2
E19K,30,0.25,209-231,7,2
E19K,60,37.75,58,1,2
E19K,60,32.89,59-88,2,2
E19K,60,16.14,89-118,3,2
E19K,60,6.83,119-148,4,2
E19K,60,1.47,149-178,5,2
E19K,60,2.16,179-208,6,2
E19K,60,2.75,209-231,7,2
E19K,120,42.46,58,1,2
E19K,120,18.47,59-88,2,2
E19K,120,10.95,89-118,3,2
E19K,120,8.61,119-148,4,2
E19K,120,1.81,149-178,5,2
E19K,120,5.83,179-208,6,2
E19K,120,11.87,209-231,7,2
E19K,240,32.99,58,1,2
E19K,240,4.66,59-88,2,2
E19K,240,19.38,89-118,3,2
E19K,240,10.19,119-148,4,2
E19K,240,2.1,149-178,5,2
E19K,240,12.49,179-208,6,2
E19K,240,18.19,209-231,7,2
G52K,0,92.74,58,1,2
G52K,0,1.33,59-88,2,2
G52K,0,3.12,89-118,3,2
G52K,0,0.39,119-148,4,2
G52K,0,0.91,149-178,5,2
G52K,0,0.78,179-208,6,2
G52K,0,0.72,209-231,7,2
G52K,15,41.16,58,1,2
G52K,15,17.28,59-88,2,2
G52K,15,34.95,89-118,3,2
G52K,15,5.89,119-148,4,2
G52K,15,0.48,149-178,5,2
G52K,15,0.22,179-208,6,2
G52K,15,0.02,209-231,7,2
G52K,30,40.91,58,1,2
G52K,30,6.81,59-88,2,2
G52K,30,10.64,89-118,3,2
G52K,30,21.59,119-148,4,2
G52K,30,12.51,149-178,5,2
G52K,30,5.42,179-208,6,2
G52K,30,2.13,209-231,7,2
G52K,60,24.45,58,1,2
G52K,60,3.57,59-88,2,2
G52K,60,4.65,89-118,3,2
G52K,60,9.03,119-148,4,2
G52K,60,4.5,149-178,5,2
G52K,60,12.69,179-208,6,2
G52K,60,41.13,209-231,7,2
G52K,120,22.21,58,1,2
G52K,120,1.54,59-88,2,2
G52K,120,4.46,89-118,3,2
G52K,120,3.95,119-148,4,2
G52K,120,2.25,149-178,5,2
G52K,120,10.61,179-208,6,2
G52K,120,54.98,209-231,7,2
G52K,240,17.98,58,1,2
G52K,240,0.38,59-88,2,2
G52K,240,4.47,89-118,3,2
G52K,240,3.62,119-148,4,2
G52K,240,2.02,149-178,5,2
G52K,240,9.96,179-208,6,2
G52K,240,61.56,209-231,7,2
E19K/G52K,0,92.74,58,1,2
E19K/G52K,0,1.33,59-88,2,2
E19K/G52K,0,3.12,89-118,3,2
E19K/G52K,0,0.39,119-148,4,2
E19K/G52K,0,0.91,149-178,5,2
E19K/G52K,0,0.78,179-208,6,2
E19K/G52K,0,0.72,209-231,7,2
E19K/G52K,15,23.86,58,1,2
E19K/G52K,15,68.81,59-88,2,2
E19K/G52K,15,4.8,89-118,3,2
E19K/G52K,15,1.2,119-148,4,2
E19K/G52K,15,0.78,149-178,5,2
E19K/G52K,15,0.25,179-208,6,2
E19K/G52K,15,0.29,209-231,7,2
E19K/G52K,30,42.08,58,1,2
E19K/G52K,30,39.91,59-88,2,2
E19K/G52K,30,13.02,89-118,3,2
E19K/G52K,30,2.85,119-148,4,2
E19K/G52K,30,1.48,149-178,5,2
E19K/G52K,30,0.46,179-208,6,2
E19K/G52K,30,0.19,209-231,7,2
E19K/G52K,60,22.54,58,1,2
E19K/G52K,60,61.11,59-88,2,2
E19K/G52K,60,12.89,89-118,3,2
E19K/G52K,60,1.59,119-148,4,2
E19K/G52K,60,0.58,149-178,5,2
E19K/G52K,60,0.18,179-208,6,2
E19K/G52K,60,1.1,209-231,7,2
E19K/G52K,120,35.95,58,1,2
E19K/G52K,120,53.01,59-88,2,2
E19K/G52K,120,6.71,89-118,3,2
E19K/G52K,120,2.4,119-148,4,2
E19K/G52K,120,0.18,149-178,5,2
E19K/G52K,120,0.24,179-208,6,2
E19K/G52K,120,1.52,209-231,7,2
E19K/G52K,240,36.13,58,1,2
E19K/G52K,240,46.59,59-88,2,2
E19K/G52K,240,6.61,89-118,3,2
E19K/G52K,240,4.3,119-148,4,2
E19K/G52K,240,0.45,149-178,5,2
E19K/G52K,240,1.97,179-208,6,2
E19K/G52K,240,3.95,209-231,7,2
R20S,0,92.74,58,1,2
R20S,0,1.33,59-88,2,2
R20S,0,3.12,89-118,3,2
R20S,0,0.39,119-148,4,2
R20S,0,0.91,149-178,5,2
R20S,0,0.78,179-208,6,2
R20S,0,0.72,209-231,7,2
R20S,15,19.69,58,1,2
R20S,15,12.28,59-88,2,2
R20S,15,44.08,89-118,3,2
R20S,15,20.3,119-148,4,2
R20S,15,2.56,149-178,5,2
R20S,15,0.67,179-208,6,2
R20S,15,0.42,209-231,7,2
R20S,30,17.82,58,1,2
R20S,30,4.46,59-88,2,2
R20S,30,10.42,89-118,3,2
R20S,30,21.64,119-148,4,2
R20S,30,20.79,149-178,5,2
R20S,30,14.73,179-208,6,2
R20S,30,10.16,209-231,7,2
R20S,60,14.28,58,1,2
R20S,60,1.74,59-88,2,2
R20S,60,2.67,89-118,3,2
R20S,60,6.38,119-148,4,2
R20S,60,7.28,149-178,5,2
R20S,60,11.55,179-208,6,2
R20S,60,56.1,209-231,7,2
R20S,120,10.52,58,1,2
R20S,120,1.87,59-88,2,2
R20S,120,2.45,89-118,3,2
R20S,120,4.98,119-148,4,2
R20S,120,5.61,149-178,5,2
R20S,120,10.46,179-208,6,2
R20S,120,64.1,209-231,7,2
R20S,240,4.96,58,1,2
R20S,240,3.21,59-88,2,2
R20S,240,4.66,89-118,3,2
R20S,240,6.54,119-148,4,2
R20S,240,6.74,149-178,5,2
R20S,240,12.91,179-208,6,2
R20S,240,60.98,209-231,7,2
T55L,0,92.74,58,1,2
T55L,0,1.33,59-88,2,2
T55L,0,3.12,89-118,3,2
T55L,0,0.39,119-148,4,2
T55L,0,0.91,149-178,5,2
T55L,0,0.78,179-208,6,2
T55L,0,0.72,209-231,7,2
T55L,15,23.72,58,1,2
T55L,15,29.41,59-88,2,2
T55L,15,32.03,89-118,3,2
T55L,15,11.05,119-148,4,2
T55L,15,3.13,149-178,5,2
T55L,15,0.39,179-208,6,2
T55L,15,0.28,209-231,7,2
T55L,30,18.56,58,1,2
T55L,30,9.43,59-88,2,2
T55L,30,18.72,89-118,3,2
T55L,30,29.72,119-148,4,2
T55L,30,17.57,149-178,5,2
T55L,30,4.92,179-208,6,2
T55L,30,1.09,209-231,7,2
T55L,60,14.82,58,1,2
T55L,60,3.27,59-88,2,2
T55L,60,4.32,89-118,3,2
T55L,60,8.33,119-148,4,2
T55L,60,8.52,149-178,5,2
T55L,60,12.22,179-208,6,2
T55L,60,48.52,209-231,7,2
T55L,120,10.24,58,1,2
T55L,120,2.83,59-88,2,2
T55L,120,3.13,89-118,3,2
T55L,120,6.18,119-148,4,2
T55L,120,6.17,149-178,5,2
T55L,120,10.79,179-208,6,2
T55L,120,60.66,209-231,7,2
T55L,240,5.94,58,1,2
T55L,240,4.83,59-88,2,2
T55L,240,5.54,89-118,3,2
T55L,240,7.3,119-148,4,2
T55L,240,7.13,149-178,5,2
T55L,240,13.47,179-208,6,2
T55L,240,55.79,209-231,7,2
E3A,0,92.74,58,1,2
E3A,0,1.33,59-88,2,2
E3A,0,3.12,89-118,3,2
E3A,0,0.39,119-148,4,2
E3A,0,0.91,149-178,5,2
E3A,0,0.78,179-208,6,2
E3A,0,0.72,209-231,7,2
E3A,15,22.69,58,1,2
E3A,15,27.45,59-88,2,2
E3A,15,37.23,89-118,3,2
E3A,15,10.91,119-148,4,2
E3A,15,1.42,149-178,5,2
E3A,15,0.17,179-208,6,2
E3A,15,0.12,209-231,7,2
E3A,30,17.57,58,1,2
E3A,30,7.07,59-88,2,2
E3A,30,16.46,89-118,3,2
E3A,30,30.21,119-148,4,2
E3A,30,20.29,149-178,5,2
E3A,30,6.5,179-208,6,2
E3A,30,1.91,209-231,7,2
E3A,60,20.61,58,1,2
E3A,60,5.52,59-88,2,2
E3A,60,6.38,89-118,3,2
E3A,60,10.9,119-148,4,2
E3A,60,9.26,149-178,5,2
E3A,60,11.35,179-208,6,2
E3A,60,35.98,209-231,7,2
E3A,120,13.67,58,1,2
E3A,120,5.4,59-88,2,2
E3A,120,5.41,89-118,3,2
E3A,120,8.64,119-148,4,2
E3A,120,7.76,149-178,5,2
E3A,120,11.54,179-208,6,2
E3A,120,47.58,209-231,7,2
E3A,240,6.15,58,1,2
E3A,240,7.81,59-88,2,2
E3A,240,7.41,89-118,3,2
E3A,240,10.37,119-148,4,2
E3A,240,8.06,149-178,5,2
E3A,240,13.96,179-208,6,2
E3A,240,46.24,209-231,7,2
R11A,0,92.74,58,1,2
R11A,0,1.33,59-88,2,2
R11A,0,3.12,89-118,3,2
R11A,0,0.39,119-148,4,2
R11A,0,0.91,149-178,5,2
R11A,0,0.78,179-208,6,2
R11A,0,0.72,209-231,7,2
R11A,15,24.2,58,1,2
R11A,15,36.16,59-88,2,2
R11A,15,32.54,89-118,3,2
R11A,15,6.24,119-148,4,2
R11A,15,0.37,149-178,5,2
R11A,15,0.17,179-208,6,2
R11A,15,0.31,209-231,7,2
R11A,30,20.21,58,1,2
R11A,30,12.14,59-88,2,2
R11A,30,23.13,89-118,3,2
R11A,30,29.87,119-148,4,2
R11A,30,12.31,149-178,5,2
R11A,30,1.93,179-208,6,2
R11A,30,0.41,209-231,7,2
R11A,60,16.7,58,1,2
R11A,60,4.17,59-88,2,2
R11A,60,6.22,89-118,3,2
R11A,60,10.8,119-148,4,2
R11A,60,9.41,149-178,5,2
R11A,60,10.46,179-208,6,2
R11A,60,42.25,209-231,7,2
R11A,120,13.64,58,1,2
R11A,120,4.55,59-88,2,2
R11A,120,4.94,89-118,3,2
R11A,120,8.81,119-148,4,2
R11A,120,7.84,149-178,5,2
R11A,120,11.33,179-208,6,2
R11A,120,48.89,209-231,7,2
R11A,240,5.2,58,1,2
R11A,240,6.11,59-88,2,2
R11A,240,5.55,89-118,3,2
R11A,240,8.88,119-148,4,2
R11A,240,6.72,149-178,5,2
R11A,240,12.84,179-208,6,2
R11A,240,54.69,209-231,7,2
E34A,0,92.74,58,1,2
E34A,0,1.33,59-88,2,2
E34A,0,3.12,89-118,3,2
E34A,0,0.39,119-148,4,2
E34A,0,0.91,149-178,5,2
E34A,0,0.78,179-208,6,2
E34A,0,0.72,209-231,7,2
E34A,15,26.87,58,1,2
E34A,15,46.51,59-88,2,2
E34A,15,22.6,89-118,3,2
E34A,15,3.11,119-148,4,2
E34A,15,0.29,149-178,5,2
E34A,15,0.24,179-208,6,2
E34A,15,0.38,209-231,7,2
E34A,30,20,58,1,2
E34A,30,19.57,59-88,2,2
E34A,30,28.86,89-118,3,2
E34A,30,23.33,119-148,4,2
E34A,30,6.53,149-178,5,2
E34A,30,1.36,179-208,6,2
E34A,30,0.35,209-231,7,2
E34A,60,18.9,58,1,2
E34A,60,10.2,59-88,2,2
E34A,60,14.98,89-118,3,2
E34A,60,17.45,119-148,4,2
E34A,60,10.63,149-178,5,2
E34A,60,9.03,179-208,6,2
E34A,60,18.8,209-231,7,2
E34A,120,16.17,58,1,2
E34A,120,7.67,59-88,2,2
E34A,120,10.76,89-118,3,2
E34A,120,14.37,119-148,4,2
E34A,120,10.66,149-178,5,2
E34A,120,9.49,179-208,6,2
E34A,120,30.88,209-231,7,2
E34A,240,12.36,58,1,2
E34A,240,7.18,59-88,2,2
E34A,240,8.37,89-118,3,2
E34A,240,11.66,119-148,4,2
E34A,240,9.32,149-178,5,2
E34A,240,12.01,179-208,6,2
E34A,240,39.09,209-231,7,2
HTkA-free,0,95.87,58,1,3
HTkA-free,0,0.75,59-88,2,3
HTkA-free,0,1.99,89-118,3,3
HTkA-free,0,0.3,119-148,4,3
HTkA-free,0,0.31,149-178,5,3
HTkA-free,0,0.4,179-208,6,3
HTkA-free,0,0.39,209-231,7,3
HTkA-free,15,18.46,58,1,3
HTkA-free,15,30.45,59-88,2,3
HTkA-free,15,40.38,89-118,3,3
HTkA-free,15,8.87,119-148,4,3
HTkA-free,15,1.28,149-178,5,3
HTkA-free,15,0.27,179-208,6,3
HTkA-free,15,0.29,209-231,7,3
HTkA-free,30,14.86,58,1,3
HTkA-free,30,6.39,59-88,2,3
HTkA-free,30,15.24,89-118,3,3
HTkA-free,30,20.87,119-148,4,3
HTkA-free,30,23.32,149-178,5,3
HTkA-free,30,12.88,179-208,6,3
HTkA-free,30,6.44,209-231,7,3
HTkA-free,60,12.87,58,1,3
HTkA-free,60,2.11,59-88,2,3
HTkA-free,60,3.92,89-118,3,3
HTkA-free,60,6.97,119-148,4,3
HTkA-free,60,8.64,149-178,5,3
HTkA-free,60,12.66,179-208,6,3
HTkA-free,60,52.83,209-231,7,3
HTkA-free,120,9.13,58,1,3
HTkA-free,120,2.03,59-88,2,3
HTkA-free,120,2.3,89-118,3,3
HTkA-free,120,4.88,119-148,4,3
HTkA-free,120,6,149-178,5,3
HTkA-free,120,10.54,179-208,6,3
HTkA-free,120,65.12,209-231,7,3
HTkA-free,240,4.55,58,1,3
HTkA-free,240,4.54,59-88,2,3
HTkA-free,240,4.28,89-118,3,3
HTkA-free,240,6.55,119-148,4,3
HTkA-free,240,7.8,149-178,5,3
HTkA-free,240,14.6,179-208,6,3
HTkA-free,240,57.7,209-231,7,3
WT,0,95.87,58,1,3
WT,0,0.75,59-88,2,3
WT,0,1.99,89-118,3,3
WT,0,0.3,119-148,4,3
WT,0,0.31,149-178,5,3
WT,0,0.4,179-208,6,3
WT,0,0.39,209-231,7,3
WT,15,21.11,58,1,3
WT,15,51.84,59-88,2,3
WT,15,24.53,89-118,3,3
WT,15,1.79,119-148,4,3
WT,15,0.19,149-178,5,3
WT,15,0.13,179-208,6,3
WT,15,0.42,209-231,7,3
WT,30,18.29,58,1,3
WT,30,13.51,59-88,2,3
WT,30,24.68,89-118,3,3
WT,30,21.08,119-148,4,3
WT,30,15.53,149-178,5,3
WT,30,5.35,179-208,6,3
WT,30,1.56,209-231,7,3
WT,60,14.77,58,1,3
WT,60,4.82,59-88,2,3
WT,60,9.38,89-118,3,3
WT,60,9.54,119-148,4,3
WT,60,11.04,149-178,5,3
WT,60,12.7,179-208,6,3
WT,60,37.74,209-231,7,3
WT,120,15,58,1,3
WT,120,3.13,59-88,2,3
WT,120,6.09,89-118,3,3
WT,120,5.94,119-148,4,3
WT,120,8.38,149-178,5,3
WT,120,10.45,179-208,6,3
WT,120,51.02,209-231,7,3
WT,240,12.38,58,1,3
WT,240,4.03,59-88,2,3
WT,240,4.89,89-118,3,3
WT,240,4.69,119-148,4,3
WT,240,6.42,149-178,5,3
WT,240,9.8,179-208,6,3
WT,240,57.79,209-231,7,3
G17D,0,95.87,58,1,3
G17D,0,0.75,59-88,2,3
G17D,0,1.99,89-118,3,3
G17D,0,0.3,119-148,4,3
G17D,0,0.31,149-178,5,3
G17D,0,0.4,179-208,6,3
G17D,0,0.39,209-231,7,3
G17D,15,37.51,58,1,3
G17D,15,55.5,59-88,2,3
G17D,15,5.62,89-118,3,3
G17D,15,0.64,119-148,4,3
G17D,15,0.17,149-178,5,3
G17D,15,0.18,179-208,6,3
G17D,15,0.39,209-231,7,3
G17D,30,22.52,58,1,3
G17D,30,41.16,59-88,2,3
G17D,30,23.96,89-118,3,3
G17D,30,8.2,119-148,4,3
G17D,30,3.38,149-178,5,3
G17D,30,0.62,179-208,6,3
G17D,30,0.15,209-231,7,3
G17D,60,19.17,58,1,3
G17D,60,25.08,59-88,2,3
G17D,60,22.35,89-118,3,3
G17D,60,12,119-148,4,3
G17D,60,7.02,149-178,5,3
G17D,60,5.25,179-208,6,3
G17D,60,9.13,209-231,7,3
G17D,120,16.57,58,1,3
G17D,120,15.55,59-88,2,3
G17D,120,21.16,89-118,3,3
G17D,120,12.19,119-148,4,3
G17D,120,9.13,149-178,5,3
G17D,120,7.32,179-208,6,3
G17D,120,18.08,209-231,7,3
G17D,240,13.78,58,1,3
G17D,240,13.44,59-88,2,3
G17D,240,15.82,89-118,3,3
G17D,240,10.38,119-148,4,3
G17D,240,9.13,149-178,5,3
G17D,240,9.79,179-208,6,3
G17D,240,27.64,209-231,7,3
E19K,0,95.87,58,1,3
E19K,0,0.75,59-88,2,3
E19K,0,1.99,89-118,3,3
E19K,0,0.3,119-148,4,3
E19K,0,0.31,149-178,5,3
E19K,0,0.4,179-208,6,3
E19K,0,0.39,209-231,7,3
E19K,15,46.33,58,1,3
E19K,15,47.1,59-88,2,3
E19K,15,5.08,89-118,3,3
E19K,15,0.7,119-148,4,3
E19K,15,0.2,149-178,5,3
E19K,15,0.21,179-208,6,3
E19K,15,0.38,209-231,7,3
E19K,30,27.93,58,1,3
E19K,30,54.13,59-88,2,3
E19K,30,11.35,89-118,3,3
E19K,30,3.91,119-148,4,3
E19K,30,1.89,149-178,5,3
E19K,30,0.52,179-208,6,3
E19K,30,0.27,209-231,7,3
E19K,60,23,58,1,3
E19K,60,38.82,59-88,2,3
E19K,60,18.25,89-118,3,3
E19K,60,8.38,119-148,4,3
E19K,60,4.56,149-178,5,3
E19K,60,2.87,179-208,6,3
E19K,60,4.12,209-231,7,3
E19K,120,18.23,58,1,3
E19K,120,27.13,59-88,2,3
E19K,120,21.36,89-118,3,3
E19K,120,11.65,119-148,4,3
E19K,120,7.02,149-178,5,3
E19K,120,4.6,179-208,6,3
E19K,120,10.01,209-231,7,3
E19K,240,16.71,58,1,3
E19K,240,22.23,59-88,2,3
E19K,240,19.27,89-118,3,3
E19K,240,11.15,119-148,4,3
E19K,240,7.79,149-178,5,3
E19K,240,6.72,179-208,6,3
E19K,240,16.13,209-231,7,3
G52K,0,95.87,58,1,3
G52K,0,0.75,59-88,2,3
G52K,0,1.99,89-118,3,3
G52K,0,0.3,119-148,4,3
G52K,0,0.31,149-178,5,3
G52K,0,0.4,179-208,6,3
G52K,0,0.39,209-231,7,3
G52K,15,26.21,58,1,3
G52K,15,62.13,59-88,2,3
G52K,15,9.99,89-118,3,3
G52K,15,0.86,119-148,4,3
G52K,15,0.36,149-178,5,3
G52K,15,0.21,179-208,6,3
G52K,15,0.24,209-231,7,3
G52K,30,16.8,58,1,3
G52K,30,17.36,59-88,2,3
G52K,30,30.35,89-118,3,3
G52K,30,20.7,119-148,4,3
G52K,30,11.86,149-178,5,3
G52K,30,2.4,179-208,6,3
G52K,30,0.52,209-231,7,3
G52K,60,15.57,58,1,3
G52K,60,6.92,59-88,2,3
G52K,60,12.47,89-118,3,3
G52K,60,13.85,119-148,4,3
G52K,60,11.64,149-178,5,3
G52K,60,11.39,179-208,6,3
G52K,60,28.16,209-231,7,3
G52K,120,13.12,58,1,3
G52K,120,5.24,59-88,2,3
G52K,120,8.19,89-118,3,3
G52K,120,10.67,119-148,4,3
G52K,120,9.64,149-178,5,3
G52K,120,9.67,179-208,6,3
G52K,120,43.46,209-231,7,3
G52K,240,13.15,58,1,3
G52K,240,7.27,59-88,2,3
G52K,240,7.23,89-118,3,3
G52K,240,8.72,119-148,4,3
G52K,240,8.03,149-178,5,3
G52K,240,10.75,179-208,6,3
G52K,240,44.85,209-231,7,3
E19K/G52K,0,95.87,58,1,3
E19K/G52K,0,0.75,59-88,2,3
E19K/G52K,0,1.99,89-118,3,3
E19K/G52K,0,0.3,119-148,4,3
E19K/G52K,0,0.31,149-178,5,3
E19K/G52K,0,0.4,179-208,6,3
E19K/G52K,0,0.39,209-231,7,3
E19K/G52K,15,60.97,58,1,3
E19K/G52K,15,34.25,59-88,2,3
E19K/G52K,15,2.84,89-118,3,3
E19K/G52K,15,0.88,119-148,4,3
E19K/G52K,15,0.41,149-178,5,3
E19K/G52K,15,0.3,179-208,6,3
E19K/G52K,15,0.34,209-231,7,3
E19K/G52K,30,40.51,58,1,3
E19K/G52K,30,50.98,59-88,2,3
E19K/G52K,30,5.67,89-118,3,3
E19K/G52K,30,1.63,119-148,4,3
E19K/G52K,30,0.75,149-178,5,3
E19K/G52K,30,0.29,179-208,6,3
E19K/G52K,30,0.17,209-231,7,3
E19K/G52K,60,27.45,58,1,3
E19K/G52K,60,58.98,59-88,2,3
E19K/G52K,60,8.53,89-118,3,3
E19K/G52K,60,2.14,119-148,4,3
E19K/G52K,60,1.23,149-178,5,3
E19K/G52K,60,0.86,179-208,6,3
E19K/G52K,60,0.82,209-231,7,3
E19K/G52K,120,22.2,58,1,3
E19K/G52K,120,55.48,59-88,2,3
E19K/G52K,120,13.44,89-118,3,3
E19K/G52K,120,4.19,119-148,4,3
E19K/G52K,120,1.88,149-178,5,3
E19K/G52K,120,1.3,179-208,6,3
E19K/G52K,120,1.5,209-231,7,3
E19K/G52K,240,21.22,58,1,3
E19K/G52K,240,48.1,59-88,2,3
E19K/G52K,240,15.65,89-118,3,3
E19K/G52K,240,6.13,119-148,4,3
E19K/G52K,240,3.13,149-178,5,3
E19K/G52K,240,2.4,179-208,6,3
E19K/G52K,240,3.38,209-231,7,3
R20S,0,95.87,58,1,3
R20S,0,0.75,59-88,2,3
R20S,0,1.99,89-118,3,3
R20S,0,0.3,119-148,4,3
R20S,0,0.31,149-178,5,3
R20S,0,0.4,179-208,6,3
R20S,0,0.39,209-231,7,3
R20S,15,15.98,58,1,3
R20S,15,22.87,59-88,2,3
R20S,15,49.37,89-118,3,3
R20S,15,9.62,119-148,4,3
R20S,15,1.54,149-178,5,3
R20S,15,0.41,179-208,6,3
R20S,15,0.21,209-231,7,3
R20S,30,12.04,58,1,3
R20S,30,3.88,59-88,2,3
R20S,30,10.08,89-118,3,3
R20S,30,16.75,119-148,4,3
R20S,30,27.35,149-178,5,3
R20S,30,20.72,179-208,6,3
R20S,30,9.18,209-231,7,3
R20S,60,10.64,58,1,3
R20S,60,1.63,59-88,2,3
R20S,60,3.81,89-118,3,3
R20S,60,6.4,119-148,4,3
R20S,60,8.46,149-178,5,3
R20S,60,14.03,179-208,6,3
R20S,60,55.04,209-231,7,3
R20S,120,8.38,58,1,3
R20S,120,5.8,59-88,2,3
R20S,120,6.46,89-118,3,3
R20S,120,6.99,119-148,4,3
R20S,120,9.48,149-178,5,3
R20S,120,13.6,179-208,6,3
R20S,120,49.28,209-231,7,3
R20S,240,4.13,58,1,3
R20S,240,5.15,59-88,2,3
R20S,240,5.34,89-118,3,3
R20S,240,6.81,119-148,4,3
R20S,240,8.53,149-178,5,3
R20S,240,14.97,179-208,6,3
R20S,240,55.07,209-231,7,3
T55L,0,95.87,58,1,3
T55L,0,0.75,59-88,2,3
T55L,0,1.99,89-118,3,3
T55L,0,0.3,119-148,4,3
T55L,0,0.31,149-178,5,3
T55L,0,0.4,179-208,6,3
T55L,0,0.39,209-231,7,3
T55L,15,19.89,58,1,3
T55L,15,46.57,59-88,2,3
T55L,15,25.66,89-118,3,3
T55L,15,5.52,119-148,4,3
T55L,15,1.62,149-178,5,3
T55L,15,0.18,179-208,6,3
T55L,15,0.57,209-231,7,3
T55L,30,13.81,58,1,3
T55L,30,7.6,59-88,2,3
T55L,30,18.47,89-118,3,3
T55L,30,25.18,119-148,4,3
T55L,30,26.72,149-178,5,3
T55L,30,7.01,179-208,6,3
T55L,30,1.21,209-231,7,3
T55L,60,13.08,58,1,3
T55L,60,2.99,59-88,2,3
T55L,60,5.36,89-118,3,3
T55L,60,8.25,119-148,4,3
T55L,60,9.83,149-178,5,3
T55L,60,13.67,179-208,6,3
T55L,60,46.82,209-231,7,3
T55L,120,9.14,58,1,3
T55L,120,2.67,59-88,2,3
T55L,120,3.07,89-118,3,3
T55L,120,5.7,119-148,4,3
T55L,120,7.43,149-178,5,3
T55L,120,11.58,179-208,6,3
T55L,120,60.43,209-231,7,3
T55L,240,4.38,58,1,3
T55L,240,4.59,59-88,2,3
T55L,240,4.9,89-118,3,3
T55L,240,6.83,119-148,4,3
T55L,240,8.41,149-178,5,3
T55L,240,14.62,179-208,6,3
T55L,240,56.27,209-231,7,3
E3A,0,95.87,58,1,3
E3A,0,0.75,59-88,2,3
E3A,0,1.99,89-118,3,3
E3A,0,0.3,119-148,4,3
E3A,0,0.31,149-178,5,3
E3A,0,0.4,179-208,6,3
E3A,0,0.39,209-231,7,3
E3A,15,17.56,58,1,3
E3A,15,41.85,59-88,2,3
E3A,15,34.9,89-118,3,3
E3A,15,4,119-148,4,3
E3A,15,0.57,149-178,5,3
E3A,15,0.19,179-208,6,3
E3A,15,0.93,209-231,7,3
E3A,30,13.76,58,1,3
E3A,30,7.92,59-88,2,3
E3A,30,23.24,89-118,3,3
E3A,30,30.43,119-148,4,3
E3A,30,20.05,149-178,5,3
E3A,30,4.01,179-208,6,3
E3A,30,0.59,209-231,7,3
E3A,60,16.53,58,1,3
E3A,60,2.62,59-88,2,3
E3A,60,6.36,89-118,3,3
E3A,60,10.03,119-148,4,3
E3A,60,9.86,149-178,5,3
E3A,60,12.81,179-208,6,3
E3A,60,41.79,209-231,7,3
E3A,120,11.2,58,1,3
E3A,120,3.91,59-88,2,3
E3A,120,5.18,89-118,3,3
E3A,120,7.59,119-148,4,3
E3A,120,7.88,149-178,5,3
E3A,120,11.88,179-208,6,3
E3A,120,52.37,209-231,7,3
E3A,240,4.45,58,1,3
E3A,240,6.63,59-88,2,3
E3A,240,6.78,89-118,3,3
E3A,240,8.81,119-148,4,3
E3A,240,8.64,149-178,5,3
E3A,240,14.24,179-208,6,3
E3A,240,50.45,209-231,7,3
R11A,0,95.87,58,1,3
R11A,0,0.75,59-88,2,3
R11A,0,1.99,89-118,3,3
R11A,0,0.3,119-148,4,3
R11A,0,0.31,149-178,5,3
R11A,0,0.4,179-208,6,3
R11A,0,0.39,209-231,7,3
R11A,15,20.44,58,1,3
R11A,15,45.87,59-88,2,3
R11A,15,28.98,89-118,3,3
R11A,15,4.02,119-148,4,3
R11A,15,0.47,149-178,5,3
R11A,15,0.13,179-208,6,3
R11A,15,0.08,209-231,7,3
R11A,30,14.12,58,1,3
R11A,30,10.7,59-88,2,3
R11A,30,19.99,89-118,3,3
R11A,30,23.16,119-148,4,3
R11A,30,20.56,149-178,5,3
R11A,30,8.71,179-208,6,3
R11A,30,2.77,209-231,7,3
R11A,60,13.71,58,1,3
R11A,60,3.58,59-88,2,3
R11A,60,7.1,89-118,3,3
R11A,60,10.04,119-148,4,3
R11A,60,9.74,149-178,5,3
R11A,60,11.68,179-208,6,3
R11A,60,44.15,209-231,7,3
R11A,120,10.43,58,1,3
R11A,120,3.85,59-88,2,3
R11A,120,5.55,89-118,3,3
R11A,120,7.61,119-148,4,3
R11A,120,8.08,149-178,5,3
R11A,120,11.62,179-208,6,3
R11A,120,52.85,209-231,7,3
R11A,240,4.68,58,1,3
R11A,240,6.27,59-88,2,3
R11A,240,6.8,89-118,3,3
R11A,240,8.66,119-148,4,3
R11A,240,8.47,149-178,5,3
R11A,240,13.64,179-208,6,3
R11A,240,51.48,209-231,7,3
E34A,0,95.87,58,1,3
E34A,0,0.75,59-88,2,3
E34A,0,1.99,89-118,3,3
E34A,0,0.3,119-148,4,3
E34A,0,0.31,149-178,5,3
E34A,0,0.4,179-208,6,3
E34A,0,0.39,209-231,7,3
E34A,15,28.83,58,1,3
E34A,15,59.5,59-88,2,3
E34A,15,9.76,89-118,3,3
E34A,15,1.22,119-148,4,3
E34A,15,0.32,149-178,5,3
E34A,15,0.19,179-208,6,3
E34A,15,0.17,209-231,7,3
E34A,30,18.75,58,1,3
E34A,30,25.55,59-88,2,3
E34A,30,33.07,89-118,3,3
E34A,30,18.06,119-148,4,3
E34A,30,4.06,149-178,5,3
E34A,30,0.42,179-208,6,3
E34A,30,0.09,209-231,7,3
E34A,60,16.99,58,1,3
E34A,60,10.04,59-88,2,3
E34A,60,17.44,89-118,3,3
E34A,60,16.57,119-148,4,3
E34A,60,11.93,149-178,5,3
E34A,60,9.59,179-208,6,3
E34A,60,17.44,209-231,7,3
E34A,120,13.62,58,1,3
E34A,120,6.75,59-88,2,3
E34A,120,12.53,89-118,3,3
E34A,120,13.98,119-148,4,3
E34A,120,11.53,149-178,5,3
E34A,120,10.27,179-208,6,3
E34A,120,31.32,209-231,7,3
E34A,240,12.08,58,1,3
E34A,240,7.21,59-88,2,3
E34A,240,10.6,89-118,3,3
E34A,240,11.33,119-148,4,3
E34A,240,10.22,149-178,5,3
E34A,240,11.69,179-208,6,3
E34A,240,36.87,209-231,7,3